{
    "r2": 0.8779190523603828,
    "rmse": 277.3155101474183
}